{
  "years": [
    2016,
    2017,
    2018,
    2019,
    2020,
    2021,
    2022,
    2023,
    2024
  ],
  "platform_order": [
    "Illumina",
    "Oxford Nanopore",
    "PacBio",
    "MGI / BGI",
    "ThermoFisher"
  ],
  "platform_values": {
    "Illumina": [
      36.210318446125044,
      40.938879698405664,
      55.6383723419928,
      74.75862191814704,
      78.56762480938502,
      88.07376918635599,
      101.12743381225808,
      102.69596539932797,
      99.2953339363667
    ],
    "Oxford Nanopore": [
      0.0008193213731872,
      0.010218350376813281,
      0.06238858088445734,
      0.24157231105730426,
      0.7208063493669657,
      0.9178976230305341,
      1.410024123617977,
      1.4867048613218061,
      2.0228975565615204
    ],
    "PacBio": [
      0.14794751490189031,
      0.19707412781702158,
      0.36238117584772145,
      0.812890277169563,
      1.2668691881608727,
      1.8672019336137005,
      2.877828709623395,
      3.6220813594846515,
      4.545370005567582
    ],
    "MGI / BGI": [
      0.003259570159146,
      0.05954195502955293,
      0.8019459349576813,
      0.8776629365975602,
      1.0590044386153867,
      2.363679696960058,
      3.590695313687004,
      3.7941545461895,
      5.432802039586416
    ],
    "ThermoFisher": [
      0.14415056471039808,
      0.20858958528341048,
      0.25977704024029286,
      0.2396498348385356,
      0.5242807106088825,
      0.6868123306449276,
      0.5680902198912027,
      0.317448987202628,
      0.2439213379318616
    ]
  },
  "totals": [
    36.51,
    41.41,
    57.12,
    76.93,
    82.14,
    93.91,
    109.57,
    111.92,
    111.54
  ]
}